Puzzle Name,Search Method,Is Solved,Heuristic,Iteration Step,Nodes Generated,Nodes Repeated,Fringe Nodes,Explored Nodes,Duration,Path
microban/microban_01.txt,bfs,Solved,None,None,312,168,16,106,0.417694091796875,d|l|u|r|r|r|d|l|r|u|l|l|l|d|d|r|u|l|u|r|u|u|l|d|r|d|d|r|r|u|l|r|d|l|l|u|u|
microban/microban_01.txt,IDA*,Solved,Manhattan,Fixed (1),237,0,11,2181,5.746316909790039,d|l|u|r|r|r|d|l|u|l|l|d|d|r|u|l|u|r|u|u|l|d|r|d|d|r|r|u|l|d|l|u|u|
microban/microban_01.txt,IDA*,Solved,Manhattan,Fixed (4),124,0,24,886,2.344604015350342,d|l|u|r|r|r|d|l|r|u|l|l|l|d|d|r|u|l|u|r|u|u|l|d|r|d|d|r|r|u|l|r|d|l|l|u|u|
microban/microban_01.txt,IDA*,Solved,Manhattan,Dynamic,125,0,22,1950,5.4386889934539795,d|l|u|r|r|r|d|l|r|u|l|l|l|d|d|r|u|l|u|r|u|u|l|d|r|d|d|r|r|u|l|d|l|u|u|
microban/microban_01.txt,IDA*,Solved,Manhattan,Fixed (1),239,0,10,3872,11.50433897972107,d|l|u|r|r|r|d|l|u|l|l|d|d|r|u|l|u|r|u|u|l|d|r|d|d|r|r|u|l|d|l|u|u|
microban/microban_01.txt,IDA*,Solved,Manhattan,Fixed (4),137,0,26,1252,3.485858201980591,d|l|u|r|r|r|d|l|r|u|l|l|l|d|d|r|u|l|u|r|u|u|l|d|r|d|d|r|r|u|l|r|d|l|l|u|u|
microban/microban_01.txt,IDA*,Solved,Manhattan,Dynamic,239,0,10,3454,9.945414066314697,d|l|u|r|r|r|d|l|u|l|l|d|d|r|u|l|u|r|u|u|l|d|r|d|d|r|r|u|l|d|l|u|u|
microban/microban_02.txt,bfs,Solved,None,None,99,45,12,40,0.1906111240386963,r|d|d|l|r|d|l|l|l|u|u|u|u|r|r|r|d|l|d|r|d|d|l|l|l|u|u|r|
microban/microban_02.txt,IDA*,Solved,Manhattan,Fixed (1),117,0,10,352,1.235910177230835,r|d|d|l|r|u|u|l|d|u|u|l|l|d|d|r|
microban/microban_02.txt,IDA*,Solved,Manhattan,Fixed (4),117,0,10,225,0.671220064163208,r|d|d|l|r|u|u|l|d|u|u|l|l|d|d|r|
microban/microban_02.txt,IDA*,Solved,Manhattan,Dynamic,117,0,10,347,1.1215901374816895,r|d|d|l|r|u|u|l|d|u|u|l|l|d|d|r|
microban/microban_02.txt,IDA*,Solved,Manhattan,Fixed (1),88,0,22,603,1.7709908485412598,r|d|d|l|r|u|u|l|d|u|u|l|l|d|d|r|
microban/microban_02.txt,IDA*,Solved,Manhattan,Fixed (4),100,0,10,192,0.5694370269775391,r|d|d|l|r|u|u|l|d|u|u|l|l|d|d|r|
microban/microban_02.txt,IDA*,Solved,Manhattan,Dynamic,144,0,12,647,2.1777820587158203,r|d|d|l|r|u|u|l|d|u|u|l|l|d|d|r|
microban/microban_03.txt,bfs,Solved,None,None,1769,1001,19,605,3.5422518253326416,r|u|u|l|l|l|l|r|r|r|r|d|d|l|u|r|u|l|l|l|u|l|d|r|d|d|l|l|l|u|u|r|r|d|r|d|l|r|u|l|u|u|r|d|d|
microban/microban_03.txt,IDA*,Solved,Manhattan,Fixed (1),1121,0,91,8039,34.76386523246765,r|u|u|l|l|l|u|l|d|r|r|r|r|d|d|l|u|r|u|l|l|l|d|d|l|l|l|u|u|r|r|d|r|d|l|u|u|u|r|d|d|
microban/microban_03.txt,IDA*,Solved,Manhattan,Fixed (4),436,0,114,3405,14.841634035110474,r|u|u|l|l|l|l|r|r|r|r|d|d|l|u|r|u|l|l|l|u|l|d|r|d|d|l|l|l|u|u|r|r|d|r|d|l|r|u|l|u|u|r|d|d|
microban/microban_03.txt,IDA*,Solved,Manhattan,Dynamic,1220,0,19,5388,26.260165214538574,r|u|u|l|l|l|l|r|r|r|r|d|d|l|u|r|u|l|l|l|u|l|d|r|d|d|l|l|l|u|u|r|r|d|r|d|l|u|u|u|r|d|d|
microban/microban_03.txt,IDA*,Solved,Manhattan,Fixed (4),451,0,117,4184,17.1722149848938,r|u|u|l|l|l|l|r|r|r|r|d|d|l|u|r|u|l|l|l|u|l|d|r|d|d|l|l|l|u|u|r|r|d|r|d|l|r|u|l|u|u|r|d|d|
microban/microban_04.txt,bfs,Solved,None,None,3418,2014,118,901,23.37967586517334,d|l|l|l|l|l|u|r|u|r|r|r|d|r|d|l|r|u|l|u|l|l|l|l|d|r|d|r|r|l|l|l|u|r|u|r|r|d|r|r|d|d|l|u|r|u|u|l|l|l|l|l|d|r|r|l|l|d|r|r|r|l|l|l|u|r|r|u|r|r|r|d|d|l|r|u|u|l|d|r|d|d|l|u|l|r|r|u|u|l|d|r|u|l|l|l|l|l|d|r|r|r|l|l|l|d|r|r|l|l|u|r|r|r|u|r|r|d|l|l|l|r|r|r|d|d|l|u|r|u|l|r|d|l|l|r|r|u|l|l|r|r|d|l|l|l|r|r|r|u|l|l|u|l|l|l|d|d|r|r|r|l|l|l|u|u|r|r|r|r|r|d|d|d|l|u|r|u|l|
microban/microban_04.txt,IDA*,Solved,Manhattan,Fixed (1),718,0,523,4294,19.28619909286499,u|l|l|d|l|d|r|u|u|r|r|d|l|l|r|r|d|d|l|u|r|u|l|
microban/microban_04.txt,IDA*,Solved,Manhattan,Fixed (4),1029,0,264,3095,14.677700757980347,u|l|l|d|l|d|r|u|l|u|r|r|r|d|l|l|u|r|r|d|d|d|l|u|d|r|u|u|l|
microban/microban_04.txt,IDA*,Solved,Manhattan,Dynamic,718,0,523,4290,19.970731019973755,u|l|l|d|l|d|r|u|u|r|r|d|l|l|r|r|d|d|l|u|r|u|l|
microban/microban_04.txt,IDA*,Solved,Manhattan,Fixed (4),702,0,358,2342,10.712975263595581,u|l|l|d|l|d|r|u|u|r|r|d|l|l|u|r|r|d|d|d|l|u|r|u|l|
microban/microban_06.txt,bfs,Solved,None,None,3130,1710,196,999,15.471474170684814,d|l|l|l|l|l|u|l|u|l|l|l|d|d|r|l|u|u|r|d|r|r|r|r|r|l|l|l|l|l|l|d|d|r|r|u|d|l|l|u|r|l|u|r|r|r|r|r|l|l|l|l|l|d|r|d|r|u|l|l|u|r|u|r|r|d|r|r|d|r|r|r|r|u|u|l|l|d|l|d|r|l|l|l|u|r|l|l|l|r|r|r|d|r|r|u|l|r|d|l|l|l|u|l|l|d|l|l|u|r|l|u|r|r|r|d|l|u|l|d|r|r|r|r|l|l|l|l|l|d|r|l|d|r|r|u|l|l|u|r|u|r|d|r|r|r|d|r|r|u|l|r|u|r|r|d|d|l|r|u|u|l|l|d|l|l|r|r|u|r|r|d|d|l|l|r|r|u|u|l|l|d|l|l|l|r|r|r|d|l|r|r|r|u|u|l|l|d|l|l|l|l|r|r|r|r|d|l|l|r|r|r|r|u|u|l|l|d|l|l|l|l|l|r|u|l|l|l|d|r|r|r|r|r|r|l|l|l|l|l|l|d|r|d|r|u|l|l|u|r|r|r|r|r|d|r|r|r|r|u|u|l|l|d|l|r|u|r|r|d|d|l|l|r|r|u|u|l|l|d|l|l|r|r|d|l|r|r|r|u|u|l|l|d|l|l|l|l|l|r|u|l|l|l|d|r|r|r|r|r|r|d|r|r|r|u|u|l|l|d|l|d|r|l|u|r|u|r|r|d|d|l|l|
microban/microban_08.txt,bfs,Solved,None,None,2125,1148,55,823,13.305166721343994,l|l|d|l|u|r|r|r|d|l|r|u|l|l|l|d|r|d|d|d|d|d|l|l|l|d|d|r|r|d|r|r|u|u|l|r|d|d|l|l|u|l|l|u|u|r|r|r|u|u|u|u|u|l|u|r|r|r|d|l|r|u|l|l|d|d|d|d|d|d|l|l|l|d|d|r|r|u|d|l|l|u|u|r|r|l|l|d|d|r|r|d|r|r|u|u|l|r|d|d|l|l|u|l|l|u|u|r|r|d|r|r|d|d|l|l|u|u|r|u|l|r|u|d|l|d|r|r|d|d|l|l|u|l|l|u|u|r|l|d|d|r|r|d|r|r|u|u|l|u|u|u|d|d|l|r|u|u|u|d|d|d|l|d|r|r|d|d|l|l|u|l|l|u|u|r|l|d|d|r|r|d|r|r|u|u|l|u|u|u|u|u|d|d|d|d|l|r|u|u|u|u|u|l|u|r|l|d|r|d|d|d|d|d|l|d|r|r|d|d|l|l|u|l|l|u|u|r|r|l|l|d|d|r|r|d|r|r|u|u|l|u|u|u|u|u|u|
microban/microban_09.txt,bfs,Solved,None,None,257,132,15,98,0.32897186279296875,u|r|r|d|u|l|l|d|r|d|r|l|u|l|u|r|r|d|r|d|d|l|u|r|u|l|r|d|l|l|u|r|u|l|
microban/microban_09.txt,IDA*,Solved,Manhattan,Fixed (1),178,0,44,781,2.0761311054229736,u|r|r|d|u|l|l|d|r|d|r|l|u|u|r|d|r|d|d|l|u|r|u|l|d|l|u|r|u|l|
microban/microban_09.txt,IDA*,Solved,Manhattan,Fixed (4),104,0,40,411,1.0951220989227295,u|r|r|d|u|l|l|d|r|d|r|l|u|l|u|r|r|d|r|d|d|l|u|r|u|l|r|d|l|l|u|r|u|l|
microban/microban_09.txt,IDA*,Solved,Manhattan,Dynamic,253,0,6,812,2.4398038387298584,u|r|r|d|u|l|l|d|r|d|r|l|u|l|u|r|r|d|r|d|d|l|u|r|u|l|d|l|u|r|u|l|
microban/microban_09.txt,IDA*,Solved,Manhattan,Fixed (1),201,0,82,1619,4.569790840148926,u|r|r|d|u|l|l|d|r|d|r|l|u|u|r|d|r|d|d|l|u|r|u|l|d|l|u|r|u|l|
microban/microban_09.txt,IDA*,Solved,Manhattan,Fixed (4),104,0,40,472,1.2890596389770508,u|r|r|d|u|l|l|d|r|d|r|l|u|l|u|r|r|d|r|d|d|l|u|r|u|l|r|d|l|l|u|r|u|l|
microban/microban_09.txt,IDA*,Solved,Manhattan,Dynamic,262,0,53,1330,3.82304310798645,u|r|r|d|u|l|l|d|r|d|r|l|u|u|r|d|r|d|d|l|u|r|u|l|d|l|u|r|u|l|
microban/microban_10.txt,bfs,Solved,None,None,4976,2552,70,2066,19.184189081192017,r|d|d|r|r|u|u|l|l|r|r|d|d|r|r|u|u|l|r|u|u|u|r|r|d|d|d|l|r|u|u|u|l|l|d|d|d|l|l|d|d|r|r|u|d|l|l|l|l|u|u|r|r|l|l|d|d|r|r|r|r|u|u|l|r|d|d|l|l|l|l|u|u|r|r|l|l|d|d|l|l|u|u|r|r|l|l|d|d|r|r|r|r|r|r|u|u|u|d|d|d|l|l|u|u|l|r|d|d|r|r|u|u|r|r|u|u|u|l|l|d|u|r|r|d|d|d|l|l|u|u|d|d|d|d|l|l|l|l|l|l|u|u|r|r|l|l|d|d|r|r|r|r|u|u|r|l|l|r|d|d|r|r|u|u|l|l|l|l|r|r|r|r|d|d|l|l|l|l|l|l|u|u|r|r|r|r|l|l|l|l|d|d|r|r|r|r|r|r|u|u|l|r|u|d|l|l|r|r|d|d|l|l|l|l|l|l|u|u|r|r|r|r|r|l|l|l|l|l|d|d|r|r|r|r|r|r|u|u|
microban/microban_11.txt,bfs,Solved,None,None,2119,1140,124,713,13.775904893875122,u|l|l|l|d|d|d|l|l|d|r|r|r|r|r|r|u|l|r|d|l|l|l|l|l|l|u|r|r|u|u|u|r|r|r|d|d|r|d|d|l|u|u|r|d|l|d|l|l|l|l|l|u|r|r|u|u|u|r|r|r|d|d|l|d|u|r|r|d|l|r|d|l|l|r|r|u|l|u|u|u|l|l|l|d|d|d|l|l|d|r|r|r|r|l|l|l|l|u|r|r|u|u|u|r|r|r|d|d|r|d|d|l|l|l|l|r|r|r|r|u|l|u|l|d|r|r|d|l|l|r|r|u|l|l|u|r|u|u|l|l|l|d|d|d|l|l|d|d|r|u|r|r|r|l|l|l|l|u|r|l|d|r|r|r|r|u|r|r|d|l|l|l|l|r|r|r|r|u|l|l|u|r|u|u|l|l|l|d|d|d|l|l|d|d|r|u|r|r|r|u|r|r|d|l|r|u|l|l|u|r|u|u|l|l|l|d|d|d|d|l|l|u|r|l|d|r|r|u|l|l|d|r|r|r|r|l|l|l|l|u|r|r|u|d|l|l|d|r|r|r|r|u|r|r|d|l|r|u|l|l|u|r|u|u|l|l|l|d|u|r|r|r|d|d|r|d|l|d|l|l|l|u|l|l|d|d|r|u|r|r|r|r|r|u|l|l|u|r|u|u|l|l|l|d|d|
microban/microban_12.txt,bfs,Solved,None,None,501,269,21,185,1.2860801219940186,u|u|l|u|l|l|d|r|d|r|l|u|l|u|r|r|d|r|d|d|r|r|r|d|d|l|l|l|l|u|r|l|d|r|r|r|r|u|u|l|l|l|u|u|l|l|d|r|l|u|r|r|d|d|r|r|r|d|d|l|l|u|d|l|l|u|r|
microban/microban_12.txt,IDA*,Solved,Manhattan,Fixed (1),305,0,100,3191,16.1445209980011,u|u|l|u|l|l|d|r|d|r|l|u|u|r|d|r|d|d|r|d|d|l|l|u|r|u|u|u|l|l|d|r|u|r|d|d|r|r|r|d|d|l|l|u|d|l|l|u|r|
microban/microban_12.txt,IDA*,Solved,Manhattan,Fixed (4),359,0,35,1612,8.323490142822266,u|u|l|u|l|l|d|r|d|r|l|u|l|u|r|r|d|r|d|d|r|r|r|d|d|l|l|l|l|u|r|u|u|u|l|l|d|r|u|u|l|r|d|r|d|d|r|r|r|d|d|l|l|u|d|l|l|u|r|
microban/microban_12.txt,IDA*,Solved,Manhattan,Dynamic,402,0,44,2293,12.314028024673462,u|u|l|u|l|l|d|r|d|r|l|u|l|u|r|r|d|r|d|d|r|r|r|d|d|l|l|l|l|u|r|u|u|u|l|l|d|r|u|r|d|d|r|r|r|d|d|l|l|u|d|l|l|u|r|
microban/microban_12.txt,IDA*,Solved,Manhattan,Fixed (1),1062,0,135,9745,57.783206939697266,u|u|l|u|l|l|d|r|d|r|l|u|u|r|d|r|d|d|r|d|d|l|l|u|r|u|u|u|l|l|d|r|u|r|d|d|r|r|r|d|d|l|l|u|d|l|l|u|r|
microban/microban_12.txt,IDA*,Solved,Manhattan,Fixed (4),335,0,44,1702,8.565490007400513,u|u|l|u|l|l|d|r|d|r|l|u|l|u|r|r|d|r|d|d|r|d|d|l|l|u|r|u|u|u|l|l|d|r|u|r|d|d|r|r|r|d|d|l|l|u|d|l|l|u|r|
microban/microban_12.txt,IDA*,Solved,Manhattan,Dynamic,409,0,249,6403,35.510432958602905,u|u|l|u|l|l|d|r|d|r|l|u|l|u|r|r|d|r|d|d|r|d|d|l|l|u|r|u|u|u|l|l|d|r|u|r|d|d|r|r|r|d|d|l|l|u|d|l|l|u|r|
microban/microban_13.txt,bfs,Solved,None,None,8245,4845,242,2351,45.30688285827637,r|d|l|d|d|r|d|r|r|u|l|r|d|l|l|d|l|u|u|r|l|u|d|r|d|r|r|u|l|r|d|l|l|l|u|r|u|l|d|r|d|r|r|u|l|r|d|l|l|l|u|u|r|d|r|r|d|l|l|r|r|u|l|l|l|u|u|l|u|u|r|d|r|d|d|l|d|r|l|u|r|u|u|l|l|d|r|d|r|d|d|r|r|u|l|r|d|l|l|d|l|u|u|r|l|u|u|l|u|u|r|d|r|d|d|l|u|r|d|l|d|d|r|u|l|d|r|r|r|u|l|r|d|l|l|l|u|r|u|l|d|r|d|r|r|u|l|r|d|l|l|l|u|u|r|d|r|r|d|l|l|d|l|u|r|r|r|u|l|l|u|l|u|l|u|u|r|d|r|d|d|l|d|r|d|r|r|u|l|r|d|l|l|d|l|u|u|r|u|u|u|l|l|d|r|l|u|r|r|d|d|d|l|u|u|r|u|l|r|d|l|l|u|r|r|d|l|d|r|d|l|d|d|r|u|u|l|d|r|r|r|u|l|r|d|l|l|l|u|r|u|l|d|r|d|r|r|u|l|r|d|l|l|l|u|u|r|d|r|r|d|l|l|r|r|u|l|l|l|u|u|l|u|r|r|d|l|d|d|r|r|r|d|l|l|d|l|u|r|r|r|u|l|l|u|l|u|l|u|r|r|d|d|l|d|r|d|r|r|u|l|r|d|l|l|d|l|u|u|r|l|d|r|r|r|u|l|r|d|l|l|u|r|r|d|l|l|l|u|u|u|r|d|l|d|r|l|d|r|r|r|u|l|l|r|r|d|l|l|l|u|r|u|u|l|d|r|u|u|l|r|d|l|d|r|d|r|r|d|l|l|l|u|r|u|u|l|d|d|r|r|r|d|l|l|d|l|u|u|u|r|u|l|
microban/microban_14.txt,bfs,Solved,None,None,356,174,15,155,0.7017519474029541,u|u|l|l|l|l|d|d|r|d|r|u|l|l|u|u|r|r|r|r|d|d|l|l|r|r|u|u|l|l|d|u|l|l|d|d|d|r|r|u|l|r|r|r|u|u|l|l|d|u|r|r|d|d|l|l|d|l|l|u|r|r|u|u|l|l|d|
microban/microban_14.txt,IDA*,Solved,Manhattan,Fixed (1),118,0,39,1620,5.13498592376709,u|u|l|l|l|l|d|d|r|d|r|u|l|l|u|u|r|r|r|r|d|d|l|l|l|r|r|r|u|u|l|l|d|u|r|r|d|d|l|l|d|l|l|u|r|r|u|u|l|l|d|
microban/microban_14.txt,IDA*,Solved,Manhattan,Fixed (4),121,0,27,682,2.1831469535827637,u|u|l|l|l|l|d|d|r|d|r|u|l|l|u|u|r|r|r|r|d|d|l|l|l|r|r|r|u|u|l|l|d|u|r|r|d|d|l|l|d|l|l|u|r|r|u|u|l|l|d|
microban/microban_14.txt,IDA*,Solved,Manhattan,Dynamic,118,0,39,1617,5.105341911315918,u|u|l|l|l|l|d|d|r|d|r|u|l|l|u|u|r|r|r|r|d|d|l|l|l|r|r|r|u|u|l|l|d|u|r|r|d|d|l|l|d|l|l|u|r|r|u|u|l|l|d|
microban/microban_14.txt,IDA*,Solved,Manhattan,Fixed (1),118,0,61,2598,8.690294027328491,u|u|l|l|l|l|d|d|r|d|r|u|l|l|u|u|r|r|r|r|d|d|l|l|l|r|r|r|u|u|l|l|d|u|r|r|d|d|l|l|d|l|l|u|r|r|u|u|l|l|d|
microban/microban_14.txt,IDA*,Solved,Manhattan,Fixed (4),118,0,19,722,2.2762887477874756,u|u|l|l|l|l|d|d|r|d|r|u|l|l|u|u|r|r|r|r|d|d|l|l|l|r|r|r|u|u|l|l|d|u|r|r|d|d|l|l|d|l|l|u|r|r|u|u|l|l|d|
microban/microban_14.txt,IDA*,Solved,Manhattan,Dynamic,118,0,61,2595,8.541896104812622,u|u|l|l|l|l|d|d|r|d|r|u|l|l|u|u|r|r|r|r|d|d|l|l|l|r|r|r|u|u|l|l|d|u|r|r|d|d|l|l|d|l|l|u|r|r|u|u|l|l|d|
microban/microban_15.txt,bfs,Solved,None,None,466,237,25,182,0.9165246486663818,d|r|d|d|d|l|l|u|u|d|d|r|r|u|u|l|r|u|l|l|l|r|d|r|r|u|l|l|l|l|r|r|r|r|d|d|d|l|l|u|d|r|r|u|u|l|u|l|l|l|d|l|l|u|r|r|r|r|d|r|r|d|d|l|l|u|u|
microban/microban_15.txt,IDA*,Solved,Manhattan,Fixed (1),384,0,51,2324,9.70032787322998,d|r|d|d|d|l|l|u|u|d|d|r|r|u|u|l|u|l|l|l|d|l|l|u|r|r|r|r|d|r|r|d|d|l|l|u|u|
microban/microban_15.txt,IDA*,Solved,Manhattan,Fixed (4),403,0,16,1211,5.102907180786133,d|r|d|d|d|l|l|u|u|d|d|r|r|u|u|l|r|u|l|l|l|l|d|l|l|u|r|r|r|r|d|r|r|d|d|l|l|u|u|
microban/microban_15.txt,IDA*,Solved,Manhattan,Dynamic,384,0,51,2299,9.376089096069336,d|r|d|d|d|l|l|u|u|d|d|r|r|u|u|l|u|l|l|l|d|l|l|u|r|r|r|r|d|r|r|d|d|l|l|u|u|
microban/microban_15.txt,IDA*,Solved,Manhattan,Fixed (1),430,0,108,4684,19.901854038238525,d|r|d|d|d|l|l|u|u|d|d|r|r|u|u|l|u|l|l|l|d|l|l|u|r|r|r|r|d|r|r|d|d|l|l|u|u|
microban/microban_15.txt,IDA*,Solved,Manhattan,Fixed (4),230,0,46,1239,5.135978937149048,d|r|d|d|d|l|l|u|u|d|d|r|r|u|u|l|r|u|l|l|l|l|d|l|l|u|r|r|r|r|d|r|r|d|d|l|l|u|u|
microban/microban_15.txt,IDA*,Solved,Manhattan,Dynamic,430,0,108,4626,19.938778162002563,d|r|d|d|d|l|l|u|u|d|d|r|r|u|u|l|u|l|l|l|d|l|l|u|r|r|r|r|d|r|r|d|d|l|l|u|u|
microban/microban_17.txt,bfs,Solved,None,None,849,488,38,255,1.5705230236053467,r|d|l|l|d|u|r|r|d|u|l|l|d|r|d|d|r|r|u|l|r|d|l|l|l|u|r|l|d|r|r|r|u|l|r|d|l|l|u|r|r|d|l|l|l|u|u|d|r|r|u|d|r|d|l|l|l|u|r|u|
microban/microban_17.txt,IDA*,Solved,Manhattan,Fixed (1),224,0,110,1207,3.683262825012207,r|d|d|u|l|l|d|r|d|d|r|r|u|l|u|d|d|l|u|u|d|d|l|u|u|
microban/microban_17.txt,IDA*,Solved,Manhattan,Fixed (4),301,0,67,645,2.0853490829467773,r|d|d|u|l|l|d|r|d|d|r|r|u|l|u|d|d|l|u|u|d|d|l|u|u|
microban/microban_17.txt,IDA*,Solved,Manhattan,Dynamic,227,0,126,1062,3.576035976409912,r|d|d|u|l|l|d|r|d|d|r|r|u|l|u|d|d|l|l|u|u|d|d|r|u|u|
microban/microban_17.txt,IDA*,Solved,Manhattan,Fixed (1),288,0,237,2406,7.764962196350098,r|d|d|u|l|l|d|r|d|d|r|r|u|l|u|d|d|l|u|u|d|d|l|u|u|
microban/microban_17.txt,IDA*,Solved,Manhattan,Fixed (4),286,0,48,548,1.7885749340057373,r|d|d|u|l|l|d|r|d|d|r|r|u|l|u|d|d|l|u|u|d|d|l|u|u|
microban/microban_17.txt,IDA*,Solved,Manhattan,Dynamic,298,0,228,1519,5.125629901885986,r|d|d|u|l|l|d|r|d|d|r|r|u|l|u|d|d|l|u|u|d|d|l|u|u|
microban/microban_18.txt,bfs,Solved,None,None,3020,1724,87,953,15.692957162857056,r|u|u|l|r|u|u|r|u|l|l|l|l|d|d|d|r|r|d|r|d|d|l|u|r|u|u|l|d|r|u|u|d|l|l|l|u|u|r|r|u|r|r|d|l|r|u|l|l|l|l|d|d|d|r|r|r|d|d|d|l|u|r|u|u|l|l|l|u|u|r|r|l|l|u|r|r|r|r|d|l|l|r|r|u|l|l|l|l|d|d|d|r|r|r|d|d|l|u|r|u|l|r|u|u|r|u|l|l|l|l|d|r|r|l|l|d|d|r|r|l|l|u|u|r|r|u|r|r|d|l|r|u|l|l|l|l|d|d|d|r|r|d|r|u|l|l|l|u|u|r|r|l|l|u|r|r|r|r|d|l|l|r|r|u|l|l|l|l|d|d|d|r|r|r|u|d|l|l|l|u|u|u|r|r|d|l|r|u|r|r|d|l|
microban/microban_18.txt,IDA*,Solved,Manhattan,Fixed (4),1161,0,117,7654,46.16173481941223,r|u|u|l|r|u|u|l|l|l|d|d|r|r|d|r|u|u|d|l|l|l|u|u|r|u|l|r|r|r|r|d|l|d|d|l|d|r|d|d|l|u|u|r|u|u|u|l|u|l|l|d|d|d|r|r|d|r|u|u|d|d|l|u|l|l|u|u|u|r|r|d|l|u|r|r|r|d|l|
microban/microban_18.txt,IDA*,Solved,Manhattan,Fixed (4),1515,0,114,10235,63.59309387207031,r|u|u|l|r|u|u|l|l|l|d|d|r|r|d|r|u|u|d|l|l|l|u|u|r|r|u|r|r|d|l|d|d|d|d|d|l|u|u|d|r|u|u|u|u|l|u|l|l|d|d|d|r|r|d|d|r|u|u|u|d|l|l|l|u|u|u|r|r|d|l|r|u|l|r|r|r|d|l|
microban/microban_19.txt,bfs,Solved,None,None,1332,741,54,424,3.603458881378174,l|l|u|r|r|r|r|d|r|u|l|l|l|l|l|d|r|r|r|l|l|l|u|r|r|r|r|r|d|l|l|r|d|d|u|u|r|u|l|l|l|l|l|d|r|r|r|l|l|l|u|r|r|r|r|r|d|l|d|d|l|d|d|r|u|u|u|u|r|u|l|l|l|d|r|l|l|l|u|r|l|d|r|r|r|u|r|d|r|u|l|l|l|r|r|r|d|l|l|l|l|l|u|r|r|r|l|l|l|d|r|r|r|r|r|u|l|r|d|l|d|d|l|d|d|r|u|u|u|u|
microban/microban_19.txt,IDA*,Solved,Manhattan,Fixed (1),873,0,87,6786,31.891396284103394,u|r|r|d|d|d|l|d|d|r|u|u|u|u|r|u|l|l|l|d|r|u|r|d|d|d|l|d|d|r|u|u|u|u|l|l|l|l|u|r|r|
microban/microban_19.txt,IDA*,Solved,Manhattan,Fixed (4),748,0,93,3594,18.164681911468506,l|l|u|r|r|r|r|d|d|d|l|d|d|r|u|u|u|u|r|u|l|l|l|d|r|l|u|r|r|d|d|d|l|d|d|r|u|u|u|u|d|u|l|l|l|l|u|r|r|
microban/microban_19.txt,IDA*,Solved,Manhattan,Dynamic,760,0,143,7015,33.69256329536438,l|u|r|r|r|d|d|d|l|d|d|r|u|u|u|u|r|u|l|l|l|d|r|u|r|d|d|d|l|d|d|r|u|u|u|u|l|l|l|l|u|r|r|
microban/microban_19.txt,IDA*,Solved,Manhattan,Fixed (4),676,0,89,3871,18.95395803451538,l|l|u|r|r|r|r|d|d|d|l|d|d|r|u|u|u|u|r|u|l|l|l|d|r|l|u|r|r|d|d|d|l|d|d|r|u|u|u|u|l|l|l|l|u|r|r|
microban/microban_20.txt,bfs,Solved,None,None,1006,555,46,334,2.2182090282440186,l|l|u|r|r|r|d|r|l|d|d|r|r|r|u|u|l|r|d|d|l|l|l|l|d|d|r|u|u|r|r|r|u|u|l|l|l|r|r|r|d|d|l|l|l|u|d|r|r|r|u|u|l|l|u|l|d|l|r|r|r|r|d|d|l|l|l|u|d|r|r|r|u|u|l|l|u|l|l|d|r|r|r|l|l|l|u|l|l|d|r|r|r|r|
microban/microban_20.txt,IDA*,Solved,Manhattan,Fixed (1),861,0,206,12144,64.1823239326477,u|r|d|d|d|r|r|r|u|u|l|l|l|l|r|d|d|l|d|d|r|u|u|u|d|r|r|r|u|u|l|l|u|l|l|d|r|r|r|l|u|l|l|l|l|d|r|r|r|r|
microban/microban_20.txt,IDA*,Solved,Manhattan,Fixed (4),874,0,121,5136,27.849118947982788,l|l|u|r|r|r|d|r|l|d|d|r|r|r|u|u|l|l|l|l|r|d|d|l|d|d|r|u|u|u|d|r|r|r|u|u|l|l|u|l|l|d|r|r|r|l|u|l|l|l|l|d|r|r|r|r|
microban/microban_20.txt,IDA*,Solved,Manhattan,Fixed (4),815,0,154,6418,35.5681369304657,l|l|u|r|r|r|d|r|l|d|d|r|r|r|u|u|l|l|l|l|r|d|d|l|d|d|r|u|u|u|d|r|r|r|u|u|l|l|u|l|l|d|r|r|r|l|u|l|l|l|l|d|r|r|r|r|
microban/microban_21.txt,bfs,Solved,None,None,193,89,15,84,0.32387399673461914,d|l|l|l|u|l|u|r|r|l|l|d|r|d|r|r|r|u|u|l|l|r|r|d|d|l|l|u|l|l|u|u|r|d|r|d|d|l|u|
microban/microban_21.txt,IDA*,Solved,Manhattan,Fixed (1),111,0,21,353,0.8777039051055908,d|l|l|u|d|l|u|l|u|u|r|d|r|d|d|l|u|
microban/microban_21.txt,IDA*,Solved,Manhattan,Fixed (4),96,0,17,265,0.6886508464813232,d|l|l|l|u|d|r|u|l|l|u|u|r|d|r|d|d|l|u|
microban/microban_21.txt,IDA*,Solved,Manhattan,Dynamic,85,0,21,259,0.6646389961242676,d|l|l|l|u|d|r|u|l|l|u|u|r|d|r|d|d|l|u|
microban/microban_21.txt,IDA*,Solved,Manhattan,Fixed (1),134,0,20,642,1.612912893295288,d|l|l|u|d|l|u|l|u|u|r|d|r|d|d|l|u|
microban/microban_21.txt,IDA*,Solved,Manhattan,Fixed (4),88,0,17,221,0.5628221035003662,d|l|l|l|u|d|r|u|l|l|u|u|r|d|r|d|d|l|u|
microban/microban_21.txt,IDA*,Solved,Manhattan,Dynamic,82,0,41,435,1.1101608276367188,d|l|l|l|u|d|r|u|l|l|u|u|r|d|r|d|d|l|u|
microban/microban_22.txt,bfs,Solved,None,None,2909,1652,143,863,17.178740978240967,d|r|r|r|u|u|l|d|r|d|l|r|u|l|u|r|u|u|l|l|l|l|d|r|d|d|r|l|d|r|l|u|u|u|r|u|r|r|d|d|d|l|l|r|r|u|u|u|l|l|l|l|d|r|d|d|r|d|d|l|u|u|r|r|r|d|l|r|u|l|l|l|d|d|r|u|r|r|u|l|u|r|u|u|l|l|l|l|d|r|d|d|r|l|u|u|r|u|r|r|d|d|d|l|r|d|l|l|d|l|u|u|r|l|d|r|r|r|u|u|u|u|l|l|l|l|d|r|d|u|r|u|r|r|d|d|d|d|l|l|l|u|u|d|r|d|r|r|u|l|r|d|l|l|l|u|u|u|r|u|r|r|d|d|l|d|r|d|l|l|l|u|r|l|d|r|r|r|u|l|l|r|r|d|l|l|l|u|r|r|r|u|u|u|l|l|d|l|l|u|r|r|l|l|d|r|d|d|r|r|r|d|l|l|d|l|u|u|u|u|r|u|l|r|d|l|d|d|r|r|r|u|u|u|l|
microban/microban_22.txt,IDA*,Solved,Manhattan,Fixed (4),1809,0,316,8406,51.07808804512024,d|r|r|r|u|u|l|d|r|d|l|l|d|l|u|u|u|u|l|u|r|r|d|l|d|d|d|r|r|u|l|r|r|d|l|l|l|u|u|u|r|u|l|d|d|d|d|r|r|r|u|u|u|u|l|
microban/microban_22.txt,IDA*,Solved,Manhattan,Dynamic,1797,0,411,11201,66.96844387054443,d|r|r|r|u|u|l|d|l|d|l|u|u|u|l|u|r|r|d|l|d|d|r|r|r|d|l|l|d|l|u|u|u|u|r|u|l|d|d|d|r|r|u|r|u|u|l|
microban/microban_22.txt,IDA*,Solved,Manhattan,Fixed (4),2027,0,197,10601,64.96154379844666,d|r|r|r|u|u|l|d|r|d|l|l|d|l|u|u|u|u|l|u|r|r|d|l|d|d|d|r|r|u|l|d|d|l|u|u|u|u|r|u|l|d|d|d|d|d|r|u|r|r|u|u|u|u|l|
microban/microban_23.txt,bfs,Solved,None,None,710,377,43,245,1.5441269874572754,r|d|l|l|u|r|r|u|u|r|u|l|l|r|r|d|l|l|l|l|u|r|r|l|l|d|r|r|r|d|d|l|l|u|d|r|r|u|u|l|u|l|l|d|r|d|d|r|r|u|u|r|u|l|l|r|r|d|l|d|d|l|l|u|u|r|u|r|d|r|u|l|l|d|l|l|u|r|r|l|l|d|r|r|r|r|u|l|r|d|l|d|
microban/microban_23.txt,IDA*,Solved,Manhattan,Fixed (1),340,0,52,5920,24.1200692653656,r|u|u|l|l|u|r|d|r|d|d|d|l|l|u|u|d|r|r|u|u|l|u|l|l|d|r|d|d|r|r|u|u|r|u|l|l|r|d|d|d|l|l|u|u|r|u|r|d|d|u|l|l|l|u|r|
microban/microban_23.txt,IDA*,Solved,Manhattan,Fixed (4),329,0,27,2547,10.602668046951294,r|u|u|l|l|l|u|r|r|d|r|d|d|d|l|l|u|u|d|r|r|u|u|l|u|l|l|d|r|d|d|r|r|u|u|r|u|l|l|r|r|d|l|d|d|l|d|l|u|u|u|r|u|r|d|d|u|l|l|l|u|r|
microban/microban_23.txt,IDA*,Solved,Manhattan,Dynamic,381,0,37,5608,22.970380067825317,r|u|u|l|l|u|r|d|r|d|d|d|l|l|u|u|d|r|r|u|u|l|u|l|l|d|r|d|d|r|r|u|u|r|u|l|l|r|d|d|d|l|l|u|u|r|u|r|d|d|u|l|l|l|u|r|
microban/microban_23.txt,IDA*,Solved,Manhattan,Fixed (4),402,0,15,3208,13.538404703140259,r|u|u|l|l|u|r|d|r|d|d|d|l|l|u|u|d|r|r|u|u|l|u|l|l|d|r|d|d|d|r|r|u|u|u|r|u|l|l|r|d|d|d|l|l|u|u|r|u|r|d|d|u|l|l|l|u|r|
microban/microban_24.txt,bfs,Solved,None,None,1718,1029,30,485,4.4482481479644775,u|l|l|d|d|l|l|d|r|r|l|l|d|r|r|r|r|u|l|l|r|r|d|l|l|l|l|u|u|r|r|u|u|r|r|d|l|r|u|l|l|d|d|l|d|r|d|r|r|u|l|l|u|l|l|d|d|r|r|l|l|u|u|r|d|
microban/microban_24.txt,IDA*,Solved,Manhattan,Fixed (1),807,0,115,4167,17.873000860214233,u|l|l|d|d|l|d|d|r|r|u|l|u|u|u|r|r|d|l|u|l|d|d|d|u|l|l|d|d|r|r|u|u|l|d|
microban/microban_24.txt,IDA*,Solved,Manhattan,Fixed (4),690,0,60,2307,10.55591106414795,u|l|l|d|d|l|l|d|r|r|l|l|d|r|r|r|r|u|l|l|u|u|u|r|r|d|l|r|u|l|l|d|d|d|u|l|l|d|d|r|r|u|u|l|d|
microban/microban_24.txt,IDA*,Solved,Manhattan,Dynamic,716,0,99,2732,12.366308212280273,u|l|l|d|d|l|l|d|r|d|r|r|r|u|l|l|u|u|u|r|r|d|l|u|l|d|d|d|u|u|d|l|l|d|d|r|r|u|u|l|d|
microban/microban_24.txt,IDA*,Solved,Manhattan,Fixed (4),568,0,100,1843,7.9224019050598145,u|l|l|d|d|l|l|d|r|d|r|r|r|u|l|l|u|u|u|r|r|d|l|u|l|d|d|d|u|l|l|d|d|r|r|u|u|l|d|
microban/microban_24.txt,IDA*,Solved,Manhattan,Dynamic,1612,0,340,6511,32.4166259765625,u|l|l|d|d|l|l|d|r|d|r|r|r|u|l|l|u|u|u|r|r|d|l|u|l|d|d|d|u|l|l|d|d|r|r|u|u|l|d|
microban/microban_25.txt,bfs,Solved,None,None,3379,1952,108,1000,13.206269979476929,l|u|r|r|r|d|l|r|u|l|l|l|d|l|d|r|r|u|l|u|r|l|u|u|r|d|l|d|d|r|r|r|u|u|l|l|r|r|d|d|l|u|r|d|l|l|l|u|r|u|u|l|d|d|r|d|r|r|u|l|r|d|l|l|d|l|l|u|r|r|l|u|u|r|d|r|r|u|l|r|d|l|l|l|d|l|d|r|r|u|l|u|r|l|u|u|r|d|r|r|d|d|l|l|r|r|u|u|l|d|r|u|l|l|l|d|r|l|u|r|r|r|d|l|l|d|d|l|l|u|r|l|d|r|r|u|l|u|r|u|r|r|d|l|r|d|l|r|u|l|u|l|u|l|d|r|r|r|d|l|d|l|d|l|l|u|r|u|r|u|r|r|d|d|l|l|r|r|u|u|l|l|u|l|d|r|r|r|d|d|l|l|d|l|l|u|r|l|d|r|r|u|
microban/microban_25.txt,IDA*,Solved,Manhattan,Fixed (1),385,0,295,3104,11.905088901519775,u|r|r|d|l|u|l|l|u|u|r|d|l|d|r|l|d|d|r|u|r|r|u|u|l|l|u|l|d|
microban/microban_25.txt,IDA*,Solved,Manhattan,Fixed (4),699,0,153,1877,7.795294284820557,l|u|r|r|r|d|l|r|u|l|l|l|u|u|r|d|l|d|r|l|d|l|d|r|r|u|r|r|u|u|l|l|u|l|d|
microban/microban_25.txt,IDA*,Solved,Manhattan,Dynamic,565,0,241,3062,12.09819507598877,l|u|r|r|r|d|l|u|l|l|u|u|r|d|l|d|r|l|d|d|r|u|r|r|u|u|l|l|u|l|d|
microban/microban_25.txt,IDA*,Solved,Manhattan,Fixed (1),1944,0,524,6153,26.452764987945557,u|r|r|d|l|u|l|l|u|u|r|d|l|d|r|l|d|d|r|u|r|r|u|u|l|l|u|l|d|
microban/microban_25.txt,IDA*,Solved,Manhattan,Fixed (4),682,0,187,2241,9.381951093673706,l|u|r|r|r|d|l|r|u|l|l|l|u|u|r|d|l|d|r|l|d|l|d|r|r|u|r|r|u|u|l|l|u|l|d|
microban/microban_25.txt,IDA*,Solved,Manhattan,Dynamic,1040,0,324,6050,25.605509757995605,l|u|r|r|r|d|l|u|l|l|u|u|r|d|l|d|r|l|d|d|r|u|r|r|u|u|l|l|u|l|d|
microban/microban_26.txt,bfs,Solved,None,None,4140,2447,26,1252,9.187472105026245,r|d|d|d|l|u|r|d|d|d|l|u|u|l|l|d|r|l|u|r|r|r|d|d|l|u|r|u|l|r|u|u|u|l|l|d|r|l|u|r|r|d|l|d|d|r|d|d|l|u|r|u|u|l|u|l|u|r|r|d|d|
microban/microban_26.txt,IDA*,Solved,Manhattan,Fixed (1),1271,0,167,6835,31.50623607635498,r|d|d|d|l|u|r|d|d|d|l|u|u|l|l|d|r|u|r|r|d|d|l|u|r|u|l|r|u|u|u|l|l|d|r|d|u|u|r|d|d|
microban/microban_26.txt,IDA*,Solved,Manhattan,Fixed (4),707,0,184,2627,11.467536926269531,r|d|d|d|l|u|r|d|d|d|l|u|u|l|l|d|r|l|u|r|r|r|d|d|l|u|r|u|l|r|u|u|u|l|l|d|r|d|u|u|r|d|d|
microban/microban_26.txt,IDA*,Solved,Manhattan,Dynamic,1151,0,244,7073,32.497036933898926,r|d|d|d|l|u|r|d|d|d|l|u|u|l|l|d|r|u|r|r|d|d|l|u|r|u|l|r|u|u|u|l|l|d|r|d|u|u|r|d|d|
microban/microban_26.txt,IDA*,Solved,Manhattan,Fixed (4),860,0,258,4204,19.253746271133423,r|d|d|d|l|u|r|d|d|d|l|u|u|l|l|d|r|l|u|r|r|r|d|d|l|u|r|u|l|r|u|u|u|l|l|d|r|l|u|r|r|d|d|u|l|d|
microban/microban_26.txt,IDA*,Solved,Manhattan,Dynamic,1713,0,747,12859,63.28806805610657,r|d|d|d|l|u|r|d|d|d|l|u|u|l|l|d|r|u|r|r|d|d|l|u|r|u|l|r|u|u|u|l|l|d|r|d|u|u|r|d|d|
microban/microban_27.txt,bfs,Solved,None,None,845,428,28,354,1.8206689357757568,d|l|l|d|l|l|u|u|u|u|r|r|r|d|d|l|l|r|r|u|u|l|l|l|d|d|r|r|d|d|l|l|u|u|r|r|r|r|d|l|r|u|l|l|l|l|d|d|r|r|u|r|r|u|l|l|r|r|d|l|l|d|l|l|u|u|r|r|l|l|d|d|r|r|u|r|r|u|l|u|u|l|l|l|d|d|r|r|l|l|d|u|r|r|d|r|u|u|
microban/microban_27.txt,IDA*,Solved,Manhattan,Fixed (1),582,0,50,6379,20.806680917739868,d|l|u|l|d|d|l|l|u|u|u|u|r|r|r|d|u|l|l|l|d|d|d|d|r|r|u|u|l|r|d|r|r|u|l|u|u|l|l|l|d|d|d|u|r|r|d|r|u|u|
microban/microban_27.txt,IDA*,Solved,Manhattan,Fixed (4),463,0,56,3383,11.25880479812622,d|l|u|l|r|r|d|l|l|d|l|l|u|u|u|u|r|r|r|d|u|l|l|l|d|d|d|d|r|r|u|u|l|r|d|r|r|u|l|l|r|u|u|l|l|l|d|d|r|r|d|r|u|u|d|l|l|l|d|
microban/microban_27.txt,IDA*,Solved,Manhattan,Dynamic,637,0,43,6006,20.12011694908142,d|l|u|l|d|d|l|l|u|u|u|u|r|r|r|d|u|l|l|l|d|d|d|d|r|r|u|u|l|r|d|r|r|u|l|u|u|l|l|l|d|d|d|u|r|r|d|r|u|u|
microban/microban_27.txt,IDA*,Solved,Manhattan,Fixed (1),761,0,98,14475,50.815043210983276,d|l|u|l|d|d|l|l|u|u|u|u|r|r|r|d|u|l|l|l|d|d|d|d|r|r|u|u|l|r|d|r|r|u|l|u|u|l|l|l|d|d|d|u|r|r|d|r|u|u|
microban/microban_27.txt,IDA*,Solved,Manhattan,Fixed (4),585,0,50,3704,12.329093933105469,d|l|u|l|d|d|l|l|u|u|u|u|r|r|r|d|u|l|l|l|d|d|d|d|r|r|u|u|l|r|d|r|r|u|l|u|u|l|l|l|d|d|r|r|d|r|u|u|d|l|l|l|d|
microban/microban_27.txt,IDA*,Solved,Manhattan,Dynamic,761,0,98,13269,47.94706201553345,d|l|u|l|d|d|l|l|u|u|u|u|r|r|r|d|u|l|l|l|d|d|d|d|r|r|u|u|l|r|d|r|r|u|l|u|u|l|l|l|d|d|d|u|r|r|d|r|u|u|
microban/microban_28.txt,bfs,Solved,None,None,893,515,31,273,2.061030864715576,r|d|u|l|l|d|r|d|r|l|d|r|r|r|u|l|l|r|r|d|l|l|l|u|r|u|d|r|r|d|l|l|l|u|u|l|u|u|r|r|d|d|l|d|r|l|u|r|u|u|l|d|d|
microban/microban_28.txt,IDA*,Solved,Manhattan,Fixed (1),319,0,63,2377,8.52134084701538,r|d|u|l|l|d|r|d|d|r|r|u|l|d|l|u|u|l|u|u|r|r|d|d|l|d|r|u|u|u|l|d|d|
microban/microban_28.txt,IDA*,Solved,Manhattan,Fixed (4),356,0,20,1663,6.375769853591919,r|d|u|l|l|d|r|d|r|l|d|r|r|r|u|l|l|r|r|d|l|l|l|u|u|l|u|u|r|r|d|d|l|d|r|l|u|l|u|u|r|d|d|
microban/microban_28.txt,IDA*,Solved,Manhattan,Dynamic,311,0,63,2026,7.242584228515625,r|d|u|l|l|d|r|d|d|r|r|u|l|d|l|u|u|l|u|u|r|r|d|d|l|d|r|u|u|u|l|d|d|
microban/microban_28.txt,IDA*,Solved,Manhattan,Fixed (1),574,0,330,5054,23.244609117507935,r|d|u|l|l|d|r|d|d|r|r|u|l|d|l|u|u|l|u|u|r|r|d|d|l|d|r|u|u|u|l|d|d|
microban/microban_28.txt,IDA*,Solved,Manhattan,Fixed (4),298,0,33,1263,5.340498924255371,r|d|u|l|l|d|r|d|d|r|r|u|l|d|l|u|u|l|u|u|r|r|d|d|u|d|l|d|r|u|u|u|l|d|d|
microban/microban_28.txt,IDA*,Solved,Manhattan,Dynamic,738,0,169,6225,27.905657052993774,r|d|u|l|l|d|r|d|d|r|r|u|l|d|l|u|u|l|u|u|r|r|d|d|l|d|r|u|u|u|l|d|d|
microban/microban_29.txt,bfs,Solved,None,None,2646,1438,126,922,14.586207866668701,l|u|l|l|d|r|l|u|r|r|r|d|r|r|d|d|l|l|l|l|l|l|l|u|u|r|l|d|d|r|r|r|r|r|r|r|u|u|l|l|u|l|l|d|r|r|r|l|l|l|u|l|l|d|r|r|r|r|l|l|l|l|l|d|d|r|r|r|r|r|r|r|u|u|l|r|u|r|u|u|l|d|d|d|l|l|l|r|u|l|l|l|l|d|r|r|r|r|l|l|l|l|l|d|d|r|r|r|r|r|r|r|u|u|l|l|r|r|u|d|l|l|l|r|r|r|d|d|l|l|l|l|l|l|l|u|u|r|r|r|r|r|l|l|l|l|l|d|d|r|r|r|r|r|r|r|u|u|l|l|l|l|r|r|r|r|u|r|u|u|l|d|d|d|l|l|l|l|u|l|l|d|r|r|r|l|l|l|l|d|d|r|r|r|r|r|r|r|u|u|u|u|r|d|l|d|l|l|r|r|d|d|l|l|l|l|l|l|l|u|u|r|r|r|r|r|r|l|l|l|l|l|l|d|d|r|r|r|r|r|r|r|u|u|u|r|u|u|l|d|r|u|l|u|l|l|d|r|d|r|d|r|u|l|l|u|l|u|r|r|d|r|d|d|l|d|u|r|u|u|l|d|
microban/microban_30.txt,bfs,Solved,None,None,1709,1005,56,479,4.301045894622803,l|d|r|r|u|r|u|l|r|d|l|l|l|u|r|l|u|u|r|d|l|d|d|r|r|r|u|u|l|r|d|d|l|l|l|u|u|r|d|l|d|d|r|r|u|r|u|l|r|d|l|l|r|d|l|l|u|u|r|u|u|l|d|d|r|d|r|r|u|u|l|r|d|d|l|l|u|l|u|u|r|d|r|r|d|d|l|l|d|l|u|
microban/microban_30.txt,IDA*,Solved,Manhattan,Fixed (1),191,0,128,1409,4.256594896316528,l|u|u|u|r|d|l|d|d|d|r|r|u|r|u|u|l|l|u|l|d|
microban/microban_30.txt,IDA*,Solved,Manhattan,Fixed (4),191,0,53,436,1.330578088760376,l|u|u|u|r|d|l|d|d|d|r|r|u|r|u|u|l|l|u|l|d|
microban/microban_30.txt,IDA*,Solved,Manhattan,Dynamic,168,0,99,878,2.5867509841918945,l|u|u|u|r|d|l|d|d|r|d|r|u|r|u|u|l|l|u|l|d|
microban/microban_30.txt,IDA*,Solved,Manhattan,Fixed (1),191,0,250,2222,6.743754863739014,l|u|u|u|r|d|l|d|d|d|r|r|u|r|u|u|l|l|u|l|d|
microban/microban_30.txt,IDA*,Solved,Manhattan,Fixed (4),590,0,20,926,3.0643389225006104,l|u|u|u|r|d|l|d|d|r|d|r|u|r|u|u|l|l|u|l|d|
microban/microban_30.txt,IDA*,Solved,Manhattan,Dynamic,191,0,270,1714,5.654256820678711,l|u|u|u|r|d|l|d|d|d|r|r|u|r|u|u|l|l|u|l|d|
